DTO id,UniP id,Category
DTO_00117522,Q92570, nr_protein
DTO_00117512,Q92731, nr_protein
DTO_00117509,P24468, nr_protein
DTO_00117523,Q13285, nr_protein
DTO_00117513,P11474, nr_protein
DTO_02300055,Q96RI1, gpcr_protein
DTO_00117524,O00482, nr_protein
DTO_00117493,Q96RI1, nr_protein
DTO_00117514,O95718, nr_protein
DTO_00117494,Q13133, nr_protein
DTO_00117525,Q15406, nr_protein
DTO_00117515,P62508, nr_protein
DTO_00117495,P55055, nr_protein
DTO_00117516,P10275, nr_protein
DTO_00117480,P10827, nr_protein
DTO_00117496,P11473, nr_protein
DTO_00117517,P04150, nr_protein
DTO_00117497,O75469, nr_protein
DTO_00117489,Q14995, nr_protein
DTO_00117498,Q14994, nr_protein
DTO_00117500,Q14541, nr_protein
DTO_02400055,Q96RI1, gpcr_gene
DTO_00117501,P19793, nr_protein
DTO_00117499,P41235, nr_protein
DTO_00117481,P10828, nr_protein
DTO_00117502,P28702, nr_protein
DTO_00117518,P08235, nr_protein
DTO_00117482,P10276, nr_protein
DTO_00117503,P48443, nr_protein
DTO_00117519,P06401, nr_protein
DTO_00117483,P10826, nr_protein
DTO_00117504,P13056, nr_protein
DTO_00117484,P13631, nr_protein
DTO_00117505,P49116, nr_protein
DTO_00117485,Q07869, nr_protein
DTO_00117520,P22736, nr_protein
DTO_00117486,Q03181, nr_protein
DTO_00117478,P51843, nr_protein
DTO_00117490,P35398, nr_protein
DTO_00117521,P43354, nr_protein
DTO_00117487,P37231, nr_protein
DTO_00117479,Q15466, nr_protein
DTO_00117491,Q92753, nr_protein
DTO_00117488,P20393, nr_protein
DTO_00117506,Q9Y466, nr_protein
DTO_00117492,P51449, nr_protein
DTO_00117510,P10588, nr_protein
DTO_00117507,Q9Y5X4, nr_protein
DTO_00117511,P03372, nr_protein
DTO_00117508,P10589, nr_protein
DTO_01100243,Q6PIU1, ic_protein
DTO_01100196,P15382, ic_protein
DTO_01100331,Q96QT4, ic_protein
DTO_01100284,P21817, ic_protein
DTO_01100235,P56696, ic_protein
DTO_01100330,Q9NZQ8, ic_protein
DTO_01100225,Q96T55, ic_protein
DTO_01100313,Q6UXY8, ic_protein
DTO_01100283,O00168, ic_protein
DTO_01100234,O43525, ic_protein
DTO_01100275,Q9H5I5, ic_protein
DTO_01100322,Q9UBN4, ic_protein
DTO_01100176,Q16558, ic_protein
DTO_01100226,Q96T54, ic_protein
DTO_01100314,Q7Z403, ic_protein
DTO_01100312,Q7Z404, ic_protein
DTO_01100241,Q6UVM3, ic_protein
DTO_01100309,Q8TDI8, ic_protein
DTO_01100233,O43526, ic_protein
DTO_01100274,Q92508, ic_protein
DTO_01100321,Q13507, ic_protein
DTO_01100175,Q12791, ic_protein
DTO_01100242,A8MYU2, ic_protein
DTO_01100269,O15547, ic_protein
DTO_01100311,Q7Z5M5, ic_protein
DTO_01100281,Q9NTG1, ic_protein
DTO_01100308,Q9NVV0, ic_protein
DTO_01100232,P51787, ic_protein
DTO_01100320,P48995, ic_protein
DTO_01100273,Q96QZ0, ic_protein
DTO_01100174,Q6PIL6, ic_protein
DTO_01100339,Q9H313, ic_protein
DTO_01100310,Q8TDI7, ic_protein
DTO_01100299,Q9UQD0, ic_protein
DTO_01100231,O15554, ic_protein
DTO_01100307,Q9H6F2, ic_protein
DTO_01100209,Q8NCM2, ic_protein
DTO_01100272,Q96RD6, ic_protein
DTO_01100338,Q9H1D0, ic_protein
DTO_01100298,Q01118, ic_protein
DTO_01100230,Q9UGI6, ic_protein
DTO_01100306,P51170, ic_protein
DTO_01100271,Q96RD7, ic_protein
DTO_01100249,Q9GZU1, ic_protein
DTO_01100195,Q9UK17, ic_protein
DTO_01100337,Q9NQA5, ic_protein
DTO_01100268,Q93086, ic_protein
DTO_01100266,P56373, ic_protein
DTO_01100189,P48547, ic_protein
DTO_01100297,Q14524, ic_protein
DTO_01100270,Q99572, ic_protein
DTO_01100200,Q9H3M0, ic_protein
DTO_01100194,Q9NZV8, ic_protein
DTO_01100267,Q99571, ic_protein
DTO_01100336,Q9HBA0, ic_protein
DTO_01100296,Q8IWT1, ic_protein
DTO_01100193,Q9NSA2, ic_protein
DTO_01100240,Q5JUK3, ic_protein
DTO_01100335,Q8NET8, ic_protein
DTO_01100334,Q9Y5S1, ic_protein
DTO_01100280,Q13563, ic_protein
DTO_01100219,Q9Y2U2, ic_protein
DTO_01100265,Q9UBL9, ic_protein
DTO_01100188,Q92953, ic_protein
DTO_01100187,Q14721, ic_protein
DTO_01100218,Q9Y257, ic_protein
DTO_01100208,Q9UQ05, ic_protein
DTO_01100254,Q8IZF0, ic_protein
DTO_01100342,Q401N2, ic_protein
DTO_01100295,P35499, ic_protein
DTO_01100192,Q03721, ic_protein
DTO_01100340,Q9BSA4, ic_protein
DTO_01100293,Q9NY46, ic_protein
DTO_01100190,Q96PR1, ic_protein
DTO_01100217,O95279, ic_protein
DTO_01100305,P51172, ic_protein
DTO_01100186,Q96RP8, ic_protein
DTO_01100253,Q15049, ic_protein
DTO_01100341,Q9C0H2, ic_protein
DTO_01100207,Q9ULD8, ic_protein
DTO_01100294,Q9NY72, ic_protein
DTO_01100191,Q14003, ic_protein
DTO_01100205,O95259, ic_protein
DTO_01100224,Q9H427, ic_protein
DTO_01100319,O75762, ic_protein
DTO_01100289,P35498, ic_protein
DTO_01100216,Q9NYG8, ic_protein
DTO_01100304,P51168, ic_protein
DTO_01100185,P17658, ic_protein
DTO_01100206,Q12809, ic_protein
DTO_01100212,Q96L42, ic_protein
DTO_01100329,Q8TD43, ic_protein
DTO_01100214,O95069, ic_protein
DTO_01100279,Q9NZM6, ic_protein
DTO_01100302,Q9UI33, ic_protein
DTO_01100204,Q8TDN1, ic_protein
DTO_01100223,Q9HB14, ic_protein
DTO_01100264,P51575, ic_protein
DTO_01100318,Q8NHX9, ic_protein
DTO_01100215,O14649, ic_protein
DTO_01100303,P37088, ic_protein
DTO_01100184,P22460, ic_protein
DTO_01100262,Q9Y5S8, ic_protein
DTO_01100211,Q9NS40, ic_protein
DTO_01100328,Q9HCF6, ic_protein
DTO_01100213,O00180, ic_protein
DTO_01100301,Q9Y5Y9, ic_protein
DTO_01100278,Q9P0L9, ic_protein
DTO_01100203,Q8TAE7, ic_protein
DTO_01100222,Q9HB15, ic_protein
DTO_01100263,Q96PH1, ic_protein
DTO_01100288,Q9BXS9, ic_protein
DTO_01100220,Q9NPC2, ic_protein
DTO_01100239,Q9BQ31, ic_protein
DTO_01100327,O94759, ic_protein
DTO_01100210,Q9H252, ic_protein
DTO_01100251,Q8TDD5, ic_protein
DTO_01100292,O60939, ic_protein
DTO_01100300,Q15858, ic_protein
DTO_01100277,Q7Z443, ic_protein
DTO_01100202,Q9UJ96, ic_protein
DTO_01100221,P57789, ic_protein
DTO_01100229,Q9H2S1, ic_protein
DTO_01100317,Q9ULQ1, ic_protein
DTO_01100199,Q8WWG9, ic_protein
DTO_01100287,Q9H2B4, ic_protein
DTO_01100183,P22459, ic_protein
DTO_01100238,Q9ULS6, ic_protein
DTO_01100326,Q7Z4N2, ic_protein
DTO_01100250,Q8IZK6, ic_protein
DTO_01100291,Q99250, ic_protein
DTO_01100201,Q9UIX4, ic_protein
DTO_01100228,Q92952, ic_protein
DTO_01100316,Q8IU68, ic_protein
DTO_01100198,Q9Y6H6, ic_protein
DTO_01100333,Q8NER1, ic_protein
DTO_01100286,Q15413, ic_protein
DTO_01100182,P22001, ic_protein
DTO_01100237,Q96KK3, ic_protein
DTO_01100325,Q9HCX4, ic_protein
DTO_01100179,Q86W47, ic_protein
DTO_01100290,Q07699, ic_protein
DTO_01100227,Q7Z418, ic_protein
DTO_01100315,Q7Z402, ic_protein
DTO_01100197,Q9Y6J6, ic_protein
DTO_01100244,Q8TDN2, ic_protein
DTO_01100285,Q92736, ic_protein
DTO_01100332,Q7Z2W7, ic_protein
DTO_01100181,P16389, ic_protein
DTO_01100236,Q9NR82, ic_protein
DTO_01100324,Q9Y210, ic_protein
DTO_01100178,Q9NPA1, ic_protein
DTO_01100125,Q9UN88, ic_protein
DTO_01100078,P51798, ic_protein
DTO_01100051,O00305, ic_protein
DTO_01100022,Q5XXA6, ic_protein
DTO_01100142,Q16099, ic_protein
DTO_01100323,Q9UL62, ic_protein
DTO_01100276,Q7Z442, ic_protein
DTO_01100177,Q9Y691, ic_protein
DTO_01100077,P51797, ic_protein
DTO_01100021,P07510, ic_protein
DTO_01100091,Q96D31, ic_protein
DTO_01100062,Q8WXS5, ic_protein
DTO_01100047,Q13698, ic_protein
DTO_01100116,O14764, ic_protein
DTO_01100135,P42263, ic_protein
DTO_01100088,Q8IV77, ic_protein
DTO_01100037,Q7Z3S7, ic_protein
DTO_01100060,Q9BXT2, ic_protein
DTO_01100133,P42261, ic_protein
DTO_01100035,Q9NY47, ic_protein
DTO_01100076,P51795, ic_protein
DTO_01100123,P28476, ic_protein
DTO_01100164,Q92806, ic_protein
DTO_01100020,Q04844, ic_protein
DTO_01100061,P62955, ic_protein
DTO_01100087,Q16281, ic_protein
DTO_01100134,P42262, ic_protein
DTO_01100036,Q8IZS8, ic_protein
DTO_01100124,A8MPY1, ic_protein
DTO_01100132,P0CG08, ic_protein
DTO_01100010,P30532, ic_protein
DTO_01100122,P24046, ic_protein
DTO_01100075,P51793, ic_protein
DTO_01100163,Q15842, ic_protein
DTO_01100159,P48549, ic_protein
DTO_01100162,P48051, ic_protein
DTO_01100006,Q9GZZ6, ic_protein
DTO_01100121,O00591, ic_protein
DTO_01100050,P54284, ic_protein
DTO_01100158,P63252, ic_protein
DTO_01100046,Q9P0X4, ic_protein
DTO_01100005,A5X5Y0, ic_protein
DTO_01100161,P48544, ic_protein
DTO_01100120,Q99928, ic_protein
DTO_01100090,Q9NQW8, ic_protein
DTO_01100149,P78508, ic_protein
DTO_01100157,P48048, ic_protein
DTO_01100086,Q16280, ic_protein
DTO_01100045,O95180, ic_protein
DTO_01100160,P48050, ic_protein
DTO_01100004,Q70Z44, ic_protein
DTO_01100148,Q96D96, ic_protein
DTO_01100034,P54289, ic_protein
DTO_01100156,B7U540, ic_protein
DTO_01100085,P29973, ic_protein
DTO_01100044,O43497, ic_protein
DTO_01100003,Q8WXA8, ic_protein
DTO_01100147,Q9Y3Q4, ic_protein
DTO_01100059,Q9UF02, ic_protein
DTO_01100074,P51790, ic_protein
DTO_01100109,P34903, ic_protein
DTO_01100033,Q8NFU0, ic_protein
DTO_01100084,Q96NY7, ic_protein
DTO_01100131,B7ZAQ6, ic_protein
DTO_01100043,O60840, ic_protein
DTO_01100002,O95264, ic_protein
DTO_01100099,Q8N5C1, ic_protein
DTO_01100146,Q9P1Z3, ic_protein
DTO_01100029,Q9NY37, ic_protein
DTO_01100073,P51788, ic_protein
DTO_01100108,P47869, ic_protein
DTO_01100032,Q8N1M1, ic_protein
DTO_01100171,O43448, ic_protein
DTO_01100130,P48167, ic_protein
DTO_01100083,Q9NZA1, ic_protein
DTO_01100042,Q15878, ic_protein
DTO_01100001,P46098, ic_protein
DTO_01100145,Q9UL51, ic_protein
DTO_01100069,Q96S66, ic_protein
DTO_01100028,Q96FT7, ic_protein
DTO_01100072,P35523, ic_protein
DTO_01100170,Q13303, ic_protein
DTO_01100107,P14867, ic_protein
DTO_01100082,Q9Y696, ic_protein
DTO_01100019,Q07001, ic_protein
DTO_01100041,Q01668, ic_protein
DTO_01100068,Q14CN2, ic_protein
DTO_01100115,P28472, ic_protein
DTO_01100144,O60741, ic_protein
DTO_01100027,Q9UHC3, ic_protein
DTO_01100071,P51801, ic_protein
DTO_01100030,O76090, ic_protein
DTO_01100106,P58550, ic_protein
DTO_01100081,O95833, ic_protein
DTO_01100018,P11230, ic_protein
DTO_01100040,Q13936, ic_protein
DTO_01100155,Q9NPI9, ic_protein
DTO_01100067,Q9Y6N3, ic_protein
DTO_01100009,P43681, ic_protein
DTO_01100114,P47870, ic_protein
DTO_01100026,Q16515, ic_protein
DTO_01100070,P51800, ic_protein
DTO_01100105,P58549, ic_protein
DTO_01100058,Q9UBN1, ic_protein
DTO_01100017,P30926, ic_protein
DTO_01100080,O15247, ic_protein
DTO_01100154,Q99712, ic_protein
DTO_01100066,Q9UQC9, ic_protein
DTO_01100113,P18505, ic_protein
DTO_01100025,P78348, ic_protein
DTO_01100008,P32297, ic_protein
DTO_01100169,Q14722, ic_protein
DTO_01100104,Q9H0Q3, ic_protein
DTO_01100098,Q5JW98, ic_protein
DTO_01100057,O60359, ic_protein
DTO_01100016,Q05901, ic_protein
DTO_01100153,Q9UNX9, ic_protein
DTO_01100112,Q16445, ic_protein
DTO_01100065,A8K7I4, ic_protein
DTO_01100024,Q4KMQ2, ic_protein
DTO_01100007,Q15822, ic_protein
DTO_01100168,Q16322, ic_protein
DTO_01100097,P04839, ic_protein
DTO_01100056,Q9Y698, ic_protein
DTO_01100103,Q96DB9, ic_protein
DTO_01100015,P17787, ic_protein
DTO_01100152,O60928, ic_protein
DTO_01100064,P13569, ic_protein
DTO_01100111,P31644, ic_protein
DTO_01100023,Q9NQ90, ic_protein
DTO_01100096,Q7RTX7, ic_protein
DTO_01100055,Q06432, ic_protein
DTO_01100102,P59646, ic_protein
DTO_01100014,P02708, ic_protein
DTO_01100151,Q14500, ic_protein
DTO_01100063,Q8WXS4, ic_protein
DTO_01100110,P48169, ic_protein
DTO_01100095,Q86XQ3, ic_protein
DTO_01100101,Q14802, ic_protein
DTO_01100054,Q86XJ0, ic_protein
DTO_01100013,Q9UGM1, ic_protein
DTO_01100150,Q14654, ic_protein
DTO_01100119,P18507, ic_protein
DTO_01100094,Q96P56, ic_protein
DTO_01100053,Q9HA72, ic_protein
DTO_01100100,Q5R3K3, ic_protein
DTO_01100012,P36544, ic_protein
DTO_01100129,Q5JXX5, ic_protein
DTO_01100127,P23416, ic_protein
DTO_01100039,Q00975, ic_protein
DTO_01100049,Q08289, ic_protein
DTO_01100118,Q8N1C3, ic_protein
DTO_01100093,Q8NEC5, ic_protein
DTO_01100052,Q8IU99, ic_protein
DTO_01100128,O75311, ic_protein
DTO_01100011,Q15825, ic_protein
DTO_01100079,O00299, ic_protein
DTO_01100126,P23415, ic_protein
DTO_01100038,O00555, ic_protein
DTO_01100089,Q14028, ic_protein
DTO_01100136,P48058, ic_protein
DTO_01100141,Q13003, ic_protein
DTO_02100035,P13945, gpcr_protein
DTO_01100245,Q2I0M4, ic_protein
DTO_01100246,Q5VT99, ic_protein
DTO_03390992,Q9BRS2, kinase_protein
DTO_02100235,Q9BXB1, gpcr_protein
DTO_02100400,Q9H344, gpcr_protein
DTO_01100173,Q9NS61, ic_protein
DTO_01100172,Q9NZI2, ic_protein
DTO_01100092,Q9Y2W7, ic_protein
DTO_01100248,Q6ZSA7, ic_protein
DTO_02100147,Q7Z601, gpcr_protein
DTO_01100247,Q8N7C0, ic_protein
DTO_03390991,O14730, kinase_protein
DTO_02100611,Q8NGJ0, gpcr_protein
DTO_02302010,Q8TDU5, gpcr_protein
DTO_02302009,Q99463, gpcr_protein
DTO_02100652,Q6IFH4, gpcr_protein
DTO_01100282,Q9Y342, ic_protein
DTO_02100156,Q6NV75, gpcr_protein
DTO_02100090,Q9UHX3, gpcr_protein
DTO_02100203,Q9BZJ8, gpcr_protein
DTO_02300028,P30988, gpcr_protein
DTO_02100027,P35348, gpcr_protein
DTO_02100107,Q13467, gpcr_protein
DTO_02100065,Q9HCU4, gpcr_protein
DTO_02100148,P51810, gpcr_protein
DTO_02100236,O75473, gpcr_protein
DTO_02100165,Q9BXC1, gpcr_protein
DTO_02100019,P25106, gpcr_protein
DTO_02100050,P41180, gpcr_protein
DTO_02100204,Q9BZJ7, gpcr_protein
DTO_02100157,Q8NFN8, gpcr_protein
DTO_02100028,P35368, gpcr_protein
DTO_02100091,Q9BY15, gpcr_protein
DTO_02100108,O60353, gpcr_protein
DTO_02100149,Q7Z7M1, gpcr_protein
DTO_02100001,P08908, gpcr_protein
DTO_02100237,Q9HBX8, gpcr_protein
DTO_02100166,Q14439, gpcr_protein
DTO_02100066,Q9NYQ7, gpcr_protein
DTO_02100010,P47898, gpcr_protein
DTO_02100117,O60755, gpcr_protein
DTO_02100180,Q14330, gpcr_protein
DTO_02100205,Q9BZJ6, gpcr_protein
DTO_02100051,P32238, gpcr_protein
DTO_02100029,P25100, gpcr_protein
DTO_02100158,Q5UAW9, gpcr_protein
DTO_02100170,Q8TDU6, gpcr_protein
DTO_02100109,O75084, gpcr_protein
DTO_02100002,P28222, gpcr_protein
DTO_02100167,Q6PRD1, gpcr_protein
DTO_02100067,Q9Y271, gpcr_protein
DTO_02100121,P48546, gpcr_protein
DTO_02100140,Q86SQ4, gpcr_protein
DTO_02100181,Q15760, gpcr_protein
DTO_02100011,P50406, gpcr_protein
DTO_02100118,P32239, gpcr_protein
DTO_02100130,Q8IZF7, gpcr_protein
DTO_02100076,P25025, gpcr_protein
DTO_02100206,Q8IZP9, gpcr_protein
DTO_02100159,Q5T848, gpcr_protein
DTO_02100171,Q8NGA4, gpcr_protein
DTO_02100003,P28221, gpcr_protein
DTO_02100197,O15529, gpcr_protein
DTO_02100168,O15218, gpcr_protein
DTO_02100220,Q14832, gpcr_protein
DTO_02100068,Q9NS75, gpcr_protein
DTO_02100122,P43220, gpcr_protein
DTO_02100141,Q96K78, gpcr_protein
DTO_02100210,Q96P67, gpcr_protein
DTO_02100182,P46091, gpcr_protein
DTO_02100080,O00574, gpcr_protein
DTO_02100119,Q02643, gpcr_protein
DTO_02100131,Q8IZF6, gpcr_protein
DTO_02100207,P46095, gpcr_protein
DTO_02100077,P49682, gpcr_protein
DTO_02100172,Q9NZH0, gpcr_protein
DTO_02100133,Q8IZF4, gpcr_protein
DTO_02100221,Q14833, gpcr_protein
DTO_02100004,P28566, gpcr_protein
DTO_02100069,Q99788, gpcr_protein
DTO_02100198,Q9Y5Y3, gpcr_protein
DTO_02100123,O95838, gpcr_protein
DTO_02100211,Q9NYM4, gpcr_protein
DTO_02100142,Q9UNW8, gpcr_protein
DTO_02100040,O60241, gpcr_protein
DTO_02100081,P21728, gpcr_protein
DTO_02400024,P35414, gpcr_gene
DTO_02100183,Q99678, gpcr_protein
DTO_02100208,O95800, gpcr_protein
DTO_02100132,Q8IZF5, gpcr_protein
DTO_02100078,P61073, gpcr_protein
DTO_02100134,Q8IZF3, gpcr_protein
DTO_02100222,P41594, gpcr_protein
DTO_02100005,P30939, gpcr_protein
DTO_02300047,P47871, gpcr_protein
DTO_02100199,P46093, gpcr_protein
DTO_02100124,P47871, gpcr_protein
DTO_02100092,Q86SQ3, gpcr_protein
DTO_02100212,Q9NQS5, gpcr_protein
DTO_02100041,O60242, gpcr_protein
DTO_02100082,P14416, gpcr_protein
DTO_02100143,Q6QNK2, gpcr_protein
DTO_02100238,Q92633, gpcr_protein
DTO_02100184,Q99679, gpcr_protein
DTO_02100209,Q96P69, gpcr_protein
DTO_02100079,P32302, gpcr_protein
DTO_02100135,Q8IZF2, gpcr_protein
DTO_02100223,O15303, gpcr_protein
DTO_02100006,P28223, gpcr_protein
DTO_02100052,P46092, gpcr_protein
DTO_02100093,O60883, gpcr_protein
DTO_02100042,P46663, gpcr_protein
DTO_02100125,P30968, gpcr_protein
DTO_02100083,P35462, gpcr_protein
DTO_02100213,P60893, gpcr_protein
DTO_02100144,Q8IZ08, gpcr_protein
DTO_02100239,Q9HBW0, gpcr_protein
DTO_02100007,P41595, gpcr_protein
DTO_02100053,P32246, gpcr_protein
DTO_02100136,Q8TDV5, gpcr_protein
DTO_02100094,O14842, gpcr_protein
DTO_02100224,Q14831, gpcr_protein
DTO_02100043,P30411, gpcr_protein
DTO_02100126,Q96P88, gpcr_protein
DTO_02100084,P21917, gpcr_protein
DTO_02100054,P41597, gpcr_protein
DTO_02100137,Q86SQ6, gpcr_protein
DTO_02100225,O00222, gpcr_protein
DTO_02100127,Q96P66, gpcr_protein
DTO_02100095,O15552, gpcr_protein
DTO_02100173,Q9NQ84, gpcr_protein
DTO_02100044,P32247, gpcr_protein
DTO_02100085,P21918, gpcr_protein
DTO_02100100,P25089, gpcr_protein
DTO_02100036,P30556, gpcr_protein
DTO_02100138,Q96PE1, gpcr_protein
DTO_02100055,P51677, gpcr_protein
DTO_02100128,Q5VW38, gpcr_protein
DTO_02100096,O14843, gpcr_protein
DTO_02100174,Q9NZD1, gpcr_protein
DTO_02100045,Q16581, gpcr_protein
DTO_02100086,P25101, gpcr_protein
DTO_02100101,P23945, gpcr_protein
DTO_02100139,Q8IWK6, gpcr_protein
DTO_02100185,Q99680, gpcr_protein
DTO_02100037,P50052, gpcr_protein
DTO_02100056,P51679, gpcr_protein
DTO_02100097,Q5NUL3, gpcr_protein
DTO_02100110,Q9H461, gpcr_protein
DTO_02100175,Q5T6X5, gpcr_protein
DTO_02100046,P21730, gpcr_protein
DTO_02100087,P24530, gpcr_protein
DTO_02100102,Q9ULW2, gpcr_protein
DTO_02100160,Q9UJ42, gpcr_protein
DTO_02100048,P30988, gpcr_protein
DTO_02100060,P51685, gpcr_protein
DTO_02100214,Q9BY21, gpcr_protein
DTO_02100186,O00155, gpcr_protein
DTO_02100038,P35414, gpcr_protein
DTO_02100057,P51681, gpcr_protein
DTO_02100098,P21462, gpcr_protein
DTO_02100111,O00144, gpcr_protein
DTO_02300024,P35414, gpcr_protein
DTO_02100047,Q9P296, gpcr_protein
DTO_02100176,Q99527, gpcr_protein
DTO_02100120,Q92847, gpcr_protein
DTO_02100008,P28335, gpcr_protein
DTO_02100020,Q9NPB9, gpcr_protein
DTO_02100103,Q9UP38, gpcr_protein
DTO_02100049,Q16602, gpcr_protein
DTO_02100061,P51686, gpcr_protein
DTO_02100190,O75388, gpcr_protein
DTO_02100215,Q9GZN0, gpcr_protein
DTO_02100039,O14514, gpcr_protein
DTO_02100058,P51684, gpcr_protein
DTO_02400028,P30988, gpcr_gene
DTO_02100187,Q8NDV2, gpcr_protein
DTO_02100112,Q96N19, gpcr_protein
DTO_02100200,Q9Y2T5, gpcr_protein
DTO_02100012,P34969, gpcr_protein
DTO_02100099,P25090, gpcr_protein
DTO_02100177,P47775, gpcr_protein
DTO_02100070,P21554, gpcr_protein
DTO_02100226,P30550, gpcr_protein
DTO_02100009,Q13639, gpcr_protein
DTO_02100021,P11229, gpcr_protein
DTO_02100104,Q14332, gpcr_protein
DTO_02100150,Q96CH1, gpcr_protein
DTO_02100191,Q49SQ1, gpcr_protein
DTO_02100216,Q86Y34, gpcr_protein
DTO_02100062,O00421, gpcr_protein
DTO_02100169,P32249, gpcr_protein
DTO_02100188,Q9NS67, gpcr_protein
DTO_02100113,Q9UBS5, gpcr_protein
DTO_02100230,P35367, gpcr_protein
DTO_02100013,P30542, gpcr_protein
DTO_02100201,Q9Y2T6, gpcr_protein
DTO_02100059,P32248, gpcr_protein
DTO_02100178,P49685, gpcr_protein
DTO_02100030,P08913, gpcr_protein
DTO_02100071,P34972, gpcr_protein
DTO_02100227,Q9BXC0, gpcr_protein
DTO_02100151,Q8TDV2, gpcr_protein
DTO_02100192,Q9UPC5, gpcr_protein
DTO_02100022,P08172, gpcr_protein
DTO_02100063,P48960, gpcr_protein
DTO_02100129,Q5T601, gpcr_protein
DTO_02100217,Q8WXG9, gpcr_protein
DTO_02100014,P29274, gpcr_protein
DTO_02100031,P18089, gpcr_protein
DTO_02100114,O75899, gpcr_protein
DTO_02100179,Q13304, gpcr_protein
DTO_02100231,P25021, gpcr_protein
DTO_02100072,P34998, gpcr_protein
DTO_02100152,Q86SP6, gpcr_protein
DTO_02100228,Q8TDS4, gpcr_protein
DTO_02100240,Q9UBY5, gpcr_protein
DTO_02100193,Q9HC97, gpcr_protein
DTO_02100023,P20309, gpcr_protein
DTO_02100218,Q13255, gpcr_protein
DTO_02100032,P18825, gpcr_protein
DTO_02100115,P47211, gpcr_protein
DTO_02100232,Q9Y5N1, gpcr_protein
DTO_02100161,Q8N6U8, gpcr_protein
DTO_02100015,P29275, gpcr_protein
DTO_02100073,Q13324, gpcr_protein
DTO_02100153,Q8NGU9, gpcr_protein
DTO_02100229,P49019, gpcr_protein
DTO_02100241,Q99677, gpcr_protein
DTO_02100024,P08173, gpcr_protein
DTO_02100194,O15354, gpcr_protein
DTO_02100219,Q14416, gpcr_protein
DTO_02100089,Q14246, gpcr_protein
DTO_02100145,Q6DWJ6, gpcr_protein
DTO_02100116,O43603, gpcr_protein
DTO_02100233,Q9H3N8, gpcr_protein
DTO_02100162,Q16538, gpcr_protein
DTO_02100016,P0DMS8, gpcr_protein
DTO_02100033,P08588, gpcr_protein
DTO_02100074,P49238, gpcr_protein
DTO_02100154,Q8TDV0, gpcr_protein
DTO_02100025,P08912, gpcr_protein
DTO_02100195,O43194, gpcr_protein
DTO_02100242,Q9H1C0, gpcr_protein
DTO_02100105,Q9NPG1, gpcr_protein
DTO_02100146,Q7Z602, gpcr_protein
DTO_02100234,Q969F8, gpcr_protein
DTO_02100163,O14626, gpcr_protein
DTO_02100017,Q16570, gpcr_protein
DTO_02100034,P07550, gpcr_protein
DTO_02100075,P25024, gpcr_protein
DTO_02400047,P47871, gpcr_gene
DTO_02100155,Q8TDT2, gpcr_protein
DTO_02100196,P46089, gpcr_protein
DTO_02100202,Q9Y653, gpcr_protein
DTO_02100026,Q01718, gpcr_protein
DTO_02100106,Q9ULV1, gpcr_protein
DTO_02100164,Q9NS66, gpcr_protein
DTO_02100018,O00590, gpcr_protein
DTO_02100064,Q9NYQ6, gpcr_protein
DTO_02100353,Q8NHC7, gpcr_protein
DTO_02100441,P0C7T3, gpcr_protein
DTO_02100293,Q8NGE5, gpcr_protein
DTO_02100343,Q8NGS8, gpcr_protein
DTO_02100431,Q8NGI0, gpcr_protein
DTO_02100362,Q9H205, gpcr_protein
DTO_02100244,O94910, gpcr_protein
DTO_02100416,Q8NGJ4, gpcr_protein
DTO_02100457,A6NJZ3, gpcr_protein
DTO_02100354,A6ND48, gpcr_protein
DTO_02100401,Q9H342, gpcr_protein
DTO_02100442,Q8NGI3, gpcr_protein
DTO_02100282,P49146, gpcr_protein
DTO_02100307,Q9Y4A9, gpcr_protein
DTO_02100253,P32245, gpcr_protein
DTO_02100309,O60404, gpcr_protein
DTO_02100344,Q8NGS7, gpcr_protein
DTO_02100245,O95490, gpcr_protein
DTO_02100417,Q8NGH9, gpcr_protein
DTO_02100458,A6NDL8, gpcr_protein
DTO_02100419,Q96RD3, gpcr_protein
DTO_02100402,Q8NGJ5, gpcr_protein
DTO_02100355,Q9UGF5, gpcr_protein
DTO_02100443,Q8NGI1, gpcr_protein
DTO_02100283,P50391, gpcr_protein
DTO_02100308,O60403, gpcr_protein
DTO_02100391,Q8NGF3, gpcr_protein
DTO_02100345,Q8NGT0, gpcr_protein
DTO_02100418,Q8NH55, gpcr_protein
DTO_02100246,Q9HAR2, gpcr_protein
DTO_02100319,Q8NGE3, gpcr_protein
DTO_02100459,A6NIJ9, gpcr_protein
DTO_02100403,Q9H341, gpcr_protein
DTO_02100284,Q15761, gpcr_protein
DTO_02100356,Q8NGZ2, gpcr_protein
DTO_02100468,P41143, gpcr_protein
DTO_02300070,Q6W5P4, gpcr_protein
DTO_02100346,Q8NGV5, gpcr_protein
DTO_02100392,Q8TCB6, gpcr_protein
DTO_02100480,Q15619, gpcr_protein
DTO_02100323,Q8NGX3, gpcr_protein
DTO_02100247,P22888, gpcr_protein
DTO_02100472,P03999, gpcr_protein
DTO_02100357,Q8NHC6, gpcr_protein
DTO_02100428,Q8NGH6, gpcr_protein
DTO_02100469,P41145, gpcr_protein
DTO_02100393,Q9H255, gpcr_protein
DTO_02100481,P34982, gpcr_protein
DTO_02400064,O43193, gpcr_gene
DTO_02100248,Q15722, gpcr_protein
DTO_02100324,Q8NGI7, gpcr_protein
DTO_02100294,Q8NH08, gpcr_protein
DTO_02100432,Q8NGI2, gpcr_protein
DTO_02100358,Q8NGT7, gpcr_protein
DTO_02100473,P08100, gpcr_protein
DTO_02100286,P30989, gpcr_protein
DTO_02100429,Q8NGK5, gpcr_protein
DTO_02100394,A6NGY5, gpcr_protein
DTO_02100482,P47884, gpcr_protein
DTO_02100325,Q8NGF6, gpcr_protein
DTO_02100278,Q9GZQ6, gpcr_protein
DTO_02100249,Q9NPC1, gpcr_protein
DTO_02100295,Q8NGE0, gpcr_protein
DTO_02100484,P30953, gpcr_protein
DTO_02100310,Q8NGA5, gpcr_protein
DTO_02100433,Q8NH56, gpcr_protein
DTO_02100474,P04001, gpcr_protein
DTO_02100287,O95665, gpcr_protein
DTO_02100330,Q8NG94, gpcr_protein
DTO_02100395,Q8NH61, gpcr_protein
DTO_02100483,P58170, gpcr_protein
DTO_02100326,Q8NGY0, gpcr_protein
DTO_02100296,Q8NH19, gpcr_protein
DTO_02100279,Q9Y5X5, gpcr_protein
DTO_02100444,Q8NH76, gpcr_protein
DTO_02100485,P47887, gpcr_protein
DTO_02100387,Q9Y5P1, gpcr_protein
DTO_02100434,Q8NH57, gpcr_protein
DTO_02100475,P04000, gpcr_protein
DTO_02100288,Q9H208, gpcr_protein
DTO_02100331,Q8NH07, gpcr_protein
DTO_02100396,Q8NGK1, gpcr_protein
DTO_02100404,Q8NH59, gpcr_protein
DTO_02100327,Q8NGY1, gpcr_protein
DTO_02100445,P0C628, gpcr_protein
DTO_02100486,Q8WZA6, gpcr_protein
DTO_02100297,Q96KK4, gpcr_protein
DTO_02100347,Q8NGS4, gpcr_protein
DTO_02100270,P25103, gpcr_protein
DTO_02100435,Q8NGF1, gpcr_protein
DTO_02100388,Q9Y5P0, gpcr_protein
DTO_02100476,O14718, gpcr_protein
DTO_02100289,P58181, gpcr_protein
DTO_02100332,Q8NGC9, gpcr_protein
DTO_02100260,Q86SM5, gpcr_protein
DTO_02100397,Q8NGK0, gpcr_protein
DTO_02100405,Q8NGJ8, gpcr_protein
DTO_02100446,Q9NZP5, gpcr_protein
DTO_02100399,Q9H343, gpcr_protein
DTO_02100328,Q9GZK7, gpcr_protein
DTO_02100487,O43749, gpcr_protein
DTO_02100298,Q8NH80, gpcr_protein
DTO_02100370,Q8NG77, gpcr_protein
DTO_02100348,Q8NGZ3, gpcr_protein
DTO_02100436,Q6IF63, gpcr_protein
DTO_02100271,P21452, gpcr_protein
DTO_02100389,Q9H339, gpcr_protein
DTO_02100477,Q9P1Q5, gpcr_protein
DTO_02100333,Q8NGC7, gpcr_protein
DTO_02100450,Q8NGI8, gpcr_protein
DTO_02100261,Q96LB2, gpcr_protein
DTO_02100398,Q8NH63, gpcr_protein
DTO_02100406,Q8NGJ9, gpcr_protein
DTO_02100359,Q96R47, gpcr_protein
DTO_02100329,Q8NGC1, gpcr_protein
DTO_02100447,Q8NH90, gpcr_protein
DTO_02100299,Q8NGN7, gpcr_protein
DTO_02100300,Q8NGC3, gpcr_protein
DTO_02100408,Q9UKL2, gpcr_protein
DTO_02100371,Q8NH04, gpcr_protein
DTO_02100488,Q96R84, gpcr_protein
DTO_02100349,Q8NG92, gpcr_protein
DTO_02100272,P29371, gpcr_protein
DTO_02100437,P0C646, gpcr_protein
DTO_02100478,Q9Y585, gpcr_protein
DTO_02100410,Q9H2C5, gpcr_protein
DTO_02100262,Q96LB1, gpcr_protein
DTO_02100380,A6NHA9, gpcr_protein
DTO_02100363,A6NM03, gpcr_protein
DTO_02100311,Q8NGA6, gpcr_protein
DTO_02100334,Q8NGC8, gpcr_protein
DTO_02100451,Q8NGF4, gpcr_protein
DTO_02100407,Q9H2C8, gpcr_protein
DTO_02100409,A6NMU1, gpcr_protein
DTO_02100372,Q8NH02, gpcr_protein
DTO_02100448,Q8NH89, gpcr_protein
DTO_02400070,Q6W5P4, gpcr_gene
DTO_02100301,Q8NGC4, gpcr_protein
DTO_02100254,P33032, gpcr_protein
DTO_02100460,A6NCV1, gpcr_protein
DTO_02100273,P28336, gpcr_protein
DTO_02100438,Q8NGH5, gpcr_protein
DTO_02100479,Q8NGR6, gpcr_protein
DTO_02100263,Q96LB0, gpcr_protein
DTO_02300064,O43193, gpcr_protein
DTO_02100411,Q96RD2, gpcr_protein
DTO_02100364,Q8NGZ0, gpcr_protein
DTO_02100452,Q8NGP9, gpcr_protein
DTO_02100381,Q8NGB8, gpcr_protein
DTO_02100312,P30954, gpcr_protein
DTO_02100373,Q8NG76, gpcr_protein
DTO_02100449,P0C617, gpcr_protein
DTO_02100255,Q99705, gpcr_protein
DTO_02100420,Q6IFG1, gpcr_protein
DTO_02100302,Q8NGN3, gpcr_protein
DTO_02100461,A6NL08, gpcr_protein
DTO_02100274,Q9HB89, gpcr_protein
DTO_02100439,Q8NH54, gpcr_protein
DTO_02100365,Q8NG84, gpcr_protein
DTO_02100412,Q8NGK2, gpcr_protein
DTO_02100453,Q8N127, gpcr_protein
DTO_02100264,Q96LA9, gpcr_protein
DTO_02100382,Q8NGA8, gpcr_protein
DTO_02100470,P35372, gpcr_protein
DTO_02100266,O43193, gpcr_protein
DTO_02100313,Q5JRS4, gpcr_protein
DTO_02100303,Q8NH81, gpcr_protein
DTO_02100256,Q969V1, gpcr_protein
DTO_02100421,Q8NGJ2, gpcr_protein
DTO_02100374,Q8NGX1, gpcr_protein
DTO_02100462,A6NM76, gpcr_protein
DTO_02100275,Q9GZQ4, gpcr_protein
DTO_02100413,Q8NGF0, gpcr_protein
DTO_02100366,Q8NGE2, gpcr_protein
DTO_02100454,Q8NGC0, gpcr_protein
DTO_02100383,O95013, gpcr_protein
DTO_02100265,Q01726, gpcr_protein
DTO_02100471,P41146, gpcr_protein
DTO_02100314,P0C629, gpcr_protein
DTO_02100267,P48039, gpcr_protein
DTO_02100304,Q8NGN6, gpcr_protein
DTO_02100257,Q8TDS7, gpcr_protein
DTO_02100422,Q8NGK6, gpcr_protein
DTO_02100375,Q8NGX2, gpcr_protein
DTO_02100463,Q6IFN5, gpcr_protein
DTO_02100276,P48145, gpcr_protein
DTO_02100414,Q9H346, gpcr_protein
DTO_02100384,Q8NGJ7, gpcr_protein
DTO_02100367,A6NND4, gpcr_protein
DTO_02100315,Q8NHC4, gpcr_protein
DTO_02100455,A6NHG9, gpcr_protein
DTO_02100268,P49286, gpcr_protein
DTO_02100280,Q6W5P4, gpcr_protein
DTO_02100335,B2RN74, gpcr_protein
DTO_02100376,Q8NGL6, gpcr_protein
DTO_02100305,Q8NGN5, gpcr_protein
DTO_02100258,Q86SM8, gpcr_protein
DTO_02100423,Q8NH67, gpcr_protein
DTO_02100464,Q15743, gpcr_protein
DTO_02100277,P48146, gpcr_protein
DTO_02100415,Q8NGJ3, gpcr_protein
DTO_02100368,Q8NGZ9, gpcr_protein
DTO_02100385,Q8NGJ6, gpcr_protein
DTO_02100316,Q8NGY7, gpcr_protein
DTO_02100269,Q13585, gpcr_protein
DTO_02100281,P25929, gpcr_protein
DTO_02100336,Q8NGX0, gpcr_protein
DTO_02100259,Q96AM1, gpcr_protein
DTO_02100424,Q8NH60, gpcr_protein
DTO_02100377,Q8NH70, gpcr_protein
DTO_02100306,Q8NGN4, gpcr_protein
DTO_02100465,Q9H1Y3, gpcr_protein
DTO_02100320,Q8NGQ4, gpcr_protein
DTO_02100369,Q8NH01, gpcr_protein
DTO_02100290,Q9H209, gpcr_protein
DTO_02100340,Q8NGS9, gpcr_protein
DTO_02100386,Q8NH64, gpcr_protein
DTO_02100317,Q8NGX5, gpcr_protein
DTO_02100337,P58182, gpcr_protein
DTO_02100425,Q8NGK4, gpcr_protein
DTO_02100378,Q6IF82, gpcr_protein
DTO_02100390,Q9H340, gpcr_protein
DTO_02100466,Q9UHM6, gpcr_protein
DTO_02100351,Q96R54, gpcr_protein
DTO_02100321,Q8NGX6, gpcr_protein
DTO_02100250,P35410, gpcr_protein
DTO_02100291,Q9H207, gpcr_protein
DTO_02100318,Q6IF99, gpcr_protein
DTO_02100341,Q8NGS6, gpcr_protein
DTO_02100360,A4D2G3, gpcr_protein
DTO_02100338,Q9UGF7, gpcr_protein
DTO_02100350,Q8NGT2, gpcr_protein
DTO_02100426,Q8NGK3, gpcr_protein
DTO_02100379,A6NMZ5, gpcr_protein
DTO_02100467,Q6U736, gpcr_protein
DTO_02100322,Q8NGN2, gpcr_protein
DTO_02100251,P04201, gpcr_protein
DTO_02100292,Q8NH74, gpcr_protein
DTO_02100352,Q8NHC5, gpcr_protein
DTO_02100440,Q8NGH8, gpcr_protein
DTO_02100342,Q8NGS5, gpcr_protein
DTO_02100361,Q8NHA4, gpcr_protein
DTO_02100430,Q8NH53, gpcr_protein
DTO_02100243,P43657, gpcr_protein
DTO_02100339,Q8NGR1, gpcr_protein
DTO_02100456,A6NDH6, gpcr_protein
DTO_02100427,Q8NGH7, gpcr_protein
DTO_02100252,P41968, gpcr_protein
DTO_02100553,Q8NHB1, gpcr_protein
DTO_02100693,Q8NGM9, gpcr_protein
DTO_02100649,Q8NH69, gpcr_protein
DTO_02100622,Q8NGL1, gpcr_protein
DTO_02100504,Q8NH06, gpcr_protein
DTO_02100545,O43869, gpcr_protein
DTO_02100498,Q8NGR5, gpcr_protein
DTO_02100710,P0C7N5, gpcr_protein
DTO_02100663,Q8NGW6, gpcr_protein
DTO_02100586,Q6IEY1, gpcr_protein
DTO_02100612,Q8NGI9, gpcr_protein
DTO_02100700,Q8N0Y5, gpcr_protein
DTO_02100513,Q9GZK3, gpcr_protein
DTO_02100653,Q8NGW1, gpcr_protein
DTO_02100694,Q15617, gpcr_protein
DTO_02100554,Q96R30, gpcr_protein
DTO_02100728,P51582, gpcr_protein
DTO_02100505,Q15612, gpcr_protein
DTO_02100623,O95221, gpcr_protein
DTO_02100546,Q6IF00, gpcr_protein
DTO_02100711,Q8NGU1, gpcr_protein
DTO_02100507,Q8NGQ3, gpcr_protein
DTO_02100499,Q8NGR2, gpcr_protein
DTO_02100664,Q8NGM8, gpcr_protein
DTO_02100587,Q96R69, gpcr_protein
DTO_02100613,Q96R09, gpcr_protein
DTO_02100701,Q8NGP2, gpcr_protein
DTO_02100654,Q96RD1, gpcr_protein
DTO_02100695,Q6IF36, gpcr_protein
DTO_02100514,O76000, gpcr_protein
DTO_02100729,Q15077, gpcr_protein
DTO_02100555,Q9Y3N9, gpcr_protein
DTO_02100506,Q8NH92, gpcr_protein
DTO_02100508,Q8NGT9, gpcr_protein
DTO_02100624,P0C626, gpcr_protein
DTO_02100547,Q8NH03, gpcr_protein
DTO_02100712,Q8NGT5, gpcr_protein
DTO_02100665,Q8NGY5, gpcr_protein
DTO_02100588,Q8NH21, gpcr_protein
DTO_02100490,P47890, gpcr_protein
DTO_02100614,Q8NH48, gpcr_protein
DTO_02100655,Q9NZP2, gpcr_protein
DTO_02100702,Q8NGG1, gpcr_protein
DTO_02100696,Q8NG78, gpcr_protein
DTO_02100515,P58173, gpcr_protein
DTO_02100556,Q7Z3T1, gpcr_protein
DTO_02100570,Q8NGB2, gpcr_protein
DTO_02100509,Q6IF42, gpcr_protein
DTO_02100625,A6NKK0, gpcr_protein
DTO_02100666,Q8NGY6, gpcr_protein
DTO_02100548,Q8NH00, gpcr_protein
DTO_02100713,Q8NGU2, gpcr_protein
DTO_02100560,Q8NG97, gpcr_protein
DTO_02100615,Q96R08, gpcr_protein
DTO_02100656,Q9NZP0, gpcr_protein
DTO_02100617,A6NL26, gpcr_protein
DTO_02100491,O60431, gpcr_protein
DTO_02100516,P59922, gpcr_protein
DTO_02100557,A6NFC9, gpcr_protein
DTO_02100697,Q8NGG4, gpcr_protein
DTO_02100518,O95371, gpcr_protein
DTO_02100670,Q8NGN1, gpcr_protein
DTO_02100530,Q9GZK6, gpcr_protein
DTO_02100571,Q8NH72, gpcr_protein
DTO_02100626,Q8NGV7, gpcr_protein
DTO_02100714,Q8NH87, gpcr_protein
DTO_02100667,Q8NGX9, gpcr_protein
DTO_02100520,Q9H210, gpcr_protein
DTO_02100628,Q13606, gpcr_protein
DTO_02100616,Q8NGF7, gpcr_protein
DTO_02100561,P47881, gpcr_protein
DTO_02100618,Q8NGR4, gpcr_protein
DTO_02100492,Q8NGS3, gpcr_protein
DTO_02100517,Q5JQS5, gpcr_protein
DTO_02100657,Q8NGE1, gpcr_protein
DTO_02100580,Q8NGJ1, gpcr_protein
DTO_02100630,Q8NHB7, gpcr_protein
DTO_02100519,Q8N628, gpcr_protein
DTO_02100558,Q8NHA6, gpcr_protein
DTO_02100531,O76002, gpcr_protein
DTO_02100671,Q8N148, gpcr_protein
DTO_02100627,Q8NGV6, gpcr_protein
DTO_02100572,Q6IEV9, gpcr_protein
DTO_02100629,Q8NH18, gpcr_protein
DTO_02100668,Q8NGQ2, gpcr_protein
DTO_02100521,Q8NGH3, gpcr_protein
DTO_02100680,Q96RA2, gpcr_protein
DTO_02100493,Q8NGS2, gpcr_protein
DTO_02100562,P47893, gpcr_protein
DTO_02100559,Q8NGV0, gpcr_protein
DTO_02100631,Q8NHB8, gpcr_protein
DTO_02100672,Q8NH79, gpcr_protein
DTO_02100532,O76001, gpcr_protein
DTO_02100573,Q96R67, gpcr_protein
DTO_02100669,Q8NH40, gpcr_protein
DTO_02100640,Q6IEU7, gpcr_protein
DTO_02100593,Q8NGD3, gpcr_protein
DTO_02100522,Q13607, gpcr_protein
DTO_02100563,P47888, gpcr_protein
DTO_02100681,Q8NG98, gpcr_protein
DTO_02100494,Q8NGS1, gpcr_protein
DTO_02100589,Q8NGB9, gpcr_protein
DTO_02100632,A6NET4, gpcr_protein
DTO_02100673,Q8NGX8, gpcr_protein
DTO_02100703,Q8NGG0, gpcr_protein
DTO_02100533,Q8NGT1, gpcr_protein
DTO_02100705,Q8NH51, gpcr_protein
DTO_02100574,Q8NGP0, gpcr_protein
DTO_02100600,Q8NGB6, gpcr_protein
DTO_02100523,O95006, gpcr_protein
DTO_02100641,Q96RB7, gpcr_protein
DTO_02100564,P47883, gpcr_protein
DTO_02100594,Q8NH42, gpcr_protein
DTO_02100549,Q6IEZ7, gpcr_protein
DTO_02100682,Q8NGA0, gpcr_protein
DTO_02100495,Q8NGR3, gpcr_protein
DTO_02100633,A6NMS3, gpcr_protein
DTO_02100716,P0C7N8, gpcr_protein
DTO_02100704,Q8NGG5, gpcr_protein
DTO_02100534,Q8NH16, gpcr_protein
DTO_02100706,Q8NH50, gpcr_protein
DTO_02100575,Q8NGM1, gpcr_protein
DTO_02100698,Q8N162, gpcr_protein
DTO_02100601,Q8NGD1, gpcr_protein
DTO_02100524,Q8NGZ5, gpcr_protein
DTO_02100642,Q8WZ92, gpcr_protein
DTO_02100595,Q8NGD5, gpcr_protein
DTO_02100730,Q86VZ1, gpcr_protein
DTO_02100683,Q8NG99, gpcr_protein
DTO_02100715,Q8NGQ1, gpcr_protein
DTO_02100717,Q8NGQ6, gpcr_protein
DTO_02100619,Q8NGL4, gpcr_protein
DTO_02100535,Q8NG85, gpcr_protein
DTO_02100707,Q8NH09, gpcr_protein
DTO_02100658,A6NF89, gpcr_protein
DTO_02100699,Q8N146, gpcr_protein
DTO_02100576,Q8NGL9, gpcr_protein
DTO_02100602,Q8N0Y3, gpcr_protein
DTO_02100596,Q8NH41, gpcr_protein
DTO_02100643,Q8WZ94, gpcr_protein
DTO_02100684,Q8NG95, gpcr_protein
DTO_02100718,Q8NGE7, gpcr_protein
DTO_02100708,Q8NH10, gpcr_protein
DTO_02100659,Q8NGZ6, gpcr_protein
DTO_02100536,Q8NG80, gpcr_protein
DTO_02100489,Q8NHA8, gpcr_protein
DTO_02100603,Q8IXE1, gpcr_protein
DTO_02100644,Q8NH85, gpcr_protein
DTO_02100597,Q8NGC6, gpcr_protein
DTO_02100720,Q8NGE9, gpcr_protein
DTO_02100685,Q8NGG7, gpcr_protein
DTO_02100719,Q8NGQ5, gpcr_protein
DTO_02100540,Q8NG83, gpcr_protein
DTO_02100709,P0C7N1, gpcr_protein
DTO_02100604,Q8NGL7, gpcr_protein
DTO_02100721,O43613, gpcr_protein
DTO_02100674,Q8NGA2, gpcr_protein
DTO_02100645,Q8NG75, gpcr_protein
DTO_02100606,Q8NH05, gpcr_protein
DTO_02100598,Q8NH43, gpcr_protein
DTO_02100500,Q8NGR8, gpcr_protein
DTO_02100565,Q8NGN8, gpcr_protein
DTO_02100634,Q8NGL2, gpcr_protein
DTO_02100605,P0C623, gpcr_protein
DTO_02100722,O43614, gpcr_protein
DTO_02100550,Q8NHC8, gpcr_protein
DTO_02100675,Q15622, gpcr_protein
DTO_02100599,Q8NGD0, gpcr_protein
DTO_02100660,Q8NGC5, gpcr_protein
DTO_02100525,Q8NGZ4, gpcr_protein
DTO_02100566,Q8NH83, gpcr_protein
DTO_02100731,O00398, gpcr_protein
DTO_02100510,O95047, gpcr_protein
DTO_02100635,Q8NGL0, gpcr_protein
DTO_02100551,P0C7T2, gpcr_protein
DTO_02100723,Q8TDS5, gpcr_protein
DTO_02100676,O76100, gpcr_protein
DTO_02100577,Q15615, gpcr_protein
DTO_02100620,Q8NGL3, gpcr_protein
DTO_02100661,Q8NGY2, gpcr_protein
DTO_02100526,Q5TZ20, gpcr_protein
DTO_02100567,P0C604, gpcr_protein
DTO_02100732,Q96G91, gpcr_protein
DTO_02100581,Q8NGE8, gpcr_protein
DTO_02100511,Q96R48, gpcr_protein
DTO_02100552,A6NH00, gpcr_protein
DTO_02100636,Q8NGP8, gpcr_protein
DTO_02100677,O14581, gpcr_protein
DTO_02100724,Q96P68, gpcr_protein
DTO_02100537,Q8NGY9, gpcr_protein
DTO_02100578,P58180, gpcr_protein
DTO_02100621,Q8NGK9, gpcr_protein
DTO_02100527,Q9GZK4, gpcr_protein
DTO_02100590,Q8NGD4, gpcr_protein
DTO_02100568,Q8NGF8, gpcr_protein
DTO_02100733,Q9H244, gpcr_protein
DTO_02100529,Q8NGU4, gpcr_protein
DTO_02100686,Q96RD0, gpcr_protein
DTO_02100541,Q96R27, gpcr_protein
DTO_02100512,Q96R45, gpcr_protein
DTO_02100582,Q8NGI6, gpcr_protein
DTO_02100637,Q8NGP4, gpcr_protein
DTO_02100725,P30559, gpcr_protein
DTO_02100678,O76099, gpcr_protein
DTO_02100639,Q8NGP3, gpcr_protein
DTO_02100538,Q8N349, gpcr_protein
DTO_02100727,P41231, gpcr_protein
DTO_02100579,Q8NGN0, gpcr_protein
DTO_02100690,Q8NGG6, gpcr_protein
DTO_02100528,O95918, gpcr_protein
DTO_02100591,Q8NGD2, gpcr_protein
DTO_02100607,Q8NGB4, gpcr_protein
DTO_02100646,Q8NGG2, gpcr_protein
DTO_02100569,Q8NH37, gpcr_protein
DTO_02100734,Q9BPV8, gpcr_protein
DTO_02100501,Q8NGA1, gpcr_protein
DTO_02100687,Q8NGG8, gpcr_protein
DTO_02100542,A3KFT3, gpcr_protein
DTO_02100638,Q8NGP6, gpcr_protein
DTO_02100726,P47900, gpcr_protein
DTO_02100583,Q8NGI4, gpcr_protein
DTO_02100539,Q96R28, gpcr_protein
DTO_02100679,O60412, gpcr_protein
DTO_02100650,O95222, gpcr_protein
DTO_02100691,Q8WZ84, gpcr_protein
DTO_02100592,Q96R72, gpcr_protein
DTO_02100608,Q8NH73, gpcr_protein
DTO_02100647,Q8NGG3, gpcr_protein
DTO_02100688,Q96RC9, gpcr_protein
DTO_02100735,Q15391, gpcr_protein
DTO_02100502,Q8NGS0, gpcr_protein
DTO_02100543,Q8NG81, gpcr_protein
DTO_02100496,Q8NH94, gpcr_protein
DTO_02100584,P0C645, gpcr_protein
DTO_02100610,Q8NGF9, gpcr_protein
DTO_02100651,O95007, gpcr_protein
DTO_02100692,Q9GZM6, gpcr_protein
DTO_02100609,Q8NH49, gpcr_protein
DTO_02100648,Q9UGF6, gpcr_protein
DTO_02100689,Q15620, gpcr_protein
DTO_02100503,Q8NGR9, gpcr_protein
DTO_02100497,Q8NH93, gpcr_protein
DTO_02100662,Q8NGY3, gpcr_protein
DTO_02100544,Q9NQN1, gpcr_protein
DTO_02100585,Q8NGC2, gpcr_protein
DTO_02100740,Q96RI0, gpcr_protein
DTO_02100781,P59543, gpcr_protein
DTO_02100737,P25116, gpcr_protein
DTO_02100739,O00254, gpcr_protein
DTO_02100778,Q9NYV8, gpcr_protein
DTO_02100751,P49683, gpcr_protein
DTO_02100808,Q86W33, gpcr_protein
DTO_02100792,P59551, gpcr_protein
DTO_02100741,Q9Y5Y4, gpcr_protein
DTO_02100782,P59541, gpcr_protein
DTO_02100810,Q7RTX1, gpcr_protein
DTO_02100767,Q9H228, gpcr_protein
DTO_02100752,Q8IYL9, gpcr_protein
DTO_02100793,Q9NYW7, gpcr_protein
DTO_02100742,Q13258, gpcr_protein
DTO_02100768,P47872, gpcr_protein
DTO_02100811,Q8TE23, gpcr_protein
DTO_02100753,P25105, gpcr_protein
DTO_02100794,Q9NYW6, gpcr_protein
DTO_02100820,Q9GZP7, gpcr_protein
DTO_02100769,Q99835, gpcr_protein
DTO_02100754,Q03431, gpcr_protein
DTO_02100821,Q8NFZ6, gpcr_protein
DTO_02100779,Q9NYV7, gpcr_protein
DTO_02100822,Q9BXE9, gpcr_protein
DTO_02100783,P59538, gpcr_protein
DTO_02100823,Q7Z5H5, gpcr_protein
DTO_02100743,P34995, gpcr_protein
DTO_02100784,P59533, gpcr_protein
DTO_02100812,Q7RTX0, gpcr_protein
DTO_02100795,Q9NYW5, gpcr_protein
DTO_02100744,P43116, gpcr_protein
DTO_02100785,P59534, gpcr_protein
DTO_02100813,P16473, gpcr_protein
DTO_02100815,P37288, gpcr_protein
DTO_02100770,P30872, gpcr_protein
DTO_02100755,P49190, gpcr_protein
DTO_02100796,Q9NYW4, gpcr_protein
DTO_02100745,P43115, gpcr_protein
DTO_02100786,P59535, gpcr_protein
DTO_02100814,Q9UKP6, gpcr_protein
DTO_02100816,P47901, gpcr_protein
DTO_02100756,Q96P65, gpcr_protein
DTO_02100797,Q9NYW3, gpcr_protein
DTO_02100746,P35408, gpcr_protein
DTO_02100787,P59536, gpcr_protein
DTO_02100817,P30518, gpcr_protein
DTO_02100760,Q8TDU9, gpcr_protein
DTO_02100757,Q8NFJ5, gpcr_protein
DTO_02100798,Q9NYW2, gpcr_protein
DTO_02100824,Q7Z5H4, gpcr_protein
DTO_02100747,P43088, gpcr_protein
DTO_02100809,P34981, gpcr_protein
DTO_02100788,Q7RTR8, gpcr_protein
DTO_02100826,P46094, gpcr_protein
DTO_02100749,Q8TCW9, gpcr_protein
DTO_02100761,Q9HBX9, gpcr_protein
DTO_02100818,P32241, gpcr_protein
DTO_02100758,P47804, gpcr_protein
DTO_02100799,Q9NYW1, gpcr_protein
DTO_02100748,P43119, gpcr_protein
DTO_02100827,Q8NH95, gpcr_protein
DTO_02100789,P59537, gpcr_protein
DTO_02100762,Q8WXD0, gpcr_protein
DTO_02100819,P41587, gpcr_protein
DTO_02100759,Q9NSD7, gpcr_protein
DTO_02100771,P30874, gpcr_protein
DTO_02100763,P21453, gpcr_protein
DTO_02100772,P32745, gpcr_protein
DTO_02100800,P21731, gpcr_protein
DTO_02100764,O95136, gpcr_protein
DTO_02100773,P31391, gpcr_protein
DTO_02100801,Q96RJ0, gpcr_protein
DTO_02100765,Q99500, gpcr_protein
DTO_02100774,P35346, gpcr_protein
DTO_02100802,Q9P1P5, gpcr_protein
DTO_02100766,O95977, gpcr_protein
DTO_02100804,O14804, gpcr_protein
DTO_02100775,Q9BXA5, gpcr_protein
DTO_02100803,Q9P1P4, gpcr_protein
DTO_02100805,Q96RI8, gpcr_protein
DTO_02100776,Q9NYW0, gpcr_protein
DTO_02100806,Q969N4, gpcr_protein
DTO_02100790,P59540, gpcr_protein
DTO_02100780,P59542, gpcr_protein
DTO_02100736,P41586, gpcr_protein
DTO_02100777,Q9NYV9, gpcr_protein
DTO_02100738,P55085, gpcr_protein
DTO_02100750,Q8NFJ6, gpcr_protein
DTO_02100807,Q96RI9, gpcr_protein
DTO_02100791,P59544, gpcr_protein
DTO_03100035,O14965, kinase_protein
DTO_03100081,Q8TCT0, kinase_protein
DTO_03100104,Q9C098, kinase_protein
DTO_03100073,P50613, kinase_protein
DTO_03100082,O14757, kinase_protein
DTO_03100065,Q9BWU1, kinase_protein
DTO_03100036,Q96GD4, kinase_protein
DTO_03100074,P49336, kinase_protein
DTO_03100025,Q96L96, kinase_protein
DTO_03100066,P06493, kinase_protein
DTO_03100083,O96017, kinase_protein
DTO_03100010,Q8NER5, kinase_protein
DTO_03100075,P50750, kinase_protein
DTO_03100026,Q16671, kinase_protein
DTO_03100067,Q8IZL9, kinase_protein
DTO_03100084,P35790, kinase_protein
DTO_03100011,P37023, kinase_protein
DTO_03100076,Q00532, kinase_protein
DTO_03100027,Q8NFD2, kinase_protein
DTO_03100068,P24941, kinase_protein
DTO_03100085,Q9Y259, kinase_protein
DTO_03100012,Q04771, kinase_protein
DTO_03100077,Q92772, kinase_protein
DTO_03100028,P16066, kinase_protein
DTO_03100086,P49759, kinase_protein
DTO_03100069,Q00526, kinase_protein
DTO_03100037,Q9UQB9, kinase_protein
DTO_03100078,Q8IVW4, kinase_protein
DTO_03100090,P07333, kinase_protein
DTO_03100029,P20594, kinase_protein
DTO_03100041,P51451, kinase_protein
DTO_03100087,P49760, kinase_protein
DTO_03100060,O94921, kinase_protein
DTO_03100038,P27037, kinase_protein
DTO_03100079,Q5MAI5, kinase_protein
DTO_03100050,Q06187, kinase_protein
DTO_03100091,P68400, kinase_protein
DTO_03100091,P19784, kinase_protein
DTO_03100001,Q2M2I8, kinase_protein
DTO_03100042,Q9NSY1, kinase_protein
DTO_03100088,P49761, kinase_protein
DTO_03100061,Q96Q40, kinase_protein
DTO_03100039,Q13705, kinase_protein
DTO_03100051,O60566, kinase_protein
DTO_03100053,Q8NCB2, kinase_protein
DTO_03100002,Q9Y478, kinase_protein
DTO_03100043,Q13873, kinase_protein
DTO_03100062,Q00536, kinase_protein
DTO_03100052,O43683, kinase_protein
DTO_03100013,Q86TW2, kinase_protein
DTO_03100054,Q9UQ88, kinase_protein
DTO_03100044,P36894, kinase_protein
DTO_03100063,Q00537, kinase_protein
DTO_03100014,Q7Z695, kinase_protein
DTO_03100055,P21127, kinase_protein
DTO_03100004,Q13131, kinase_protein
DTO_03100045,O00238, kinase_protein
DTO_03100064,Q07002, kinase_protein
DTO_03100056,O00311, kinase_protein
DTO_03100046,P51813, kinase_protein
DTO_03100016,Q96D53, kinase_protein
DTO_03100057,Q15131, kinase_protein
DTO_03100006,P00519, kinase_protein
DTO_03100093,Q8NEV1, kinase_protein
DTO_03100047,P15056, kinase_protein
DTO_03100020,P31751, kinase_protein
DTO_03100017,Q3MIX3, kinase_protein
DTO_03100058,Q9NYV4, kinase_protein
DTO_03100007,P42684, kinase_protein
DTO_03100048,Q8TDC3, kinase_protein
DTO_03100094,P67870, kinase_protein
DTO_03100021,Q9Y243, kinase_protein
DTO_03100018,P55263, kinase_protein
DTO_03100059,Q14004, kinase_protein
DTO_03100030,P10398, kinase_protein
DTO_03100008,Q07912, kinase_protein
DTO_03100095,O14936, kinase_protein
DTO_03100022,Q9UM73, kinase_protein
DTO_03100080,O76039, kinase_protein
DTO_03100019,P31749, kinase_protein
DTO_03100031,P25098, kinase_protein
DTO_03100096,P41240, kinase_protein
DTO_03100100,O43293, kinase_protein
DTO_03100023,Q96QP1, kinase_protein
DTO_03100032,P35626, kinase_protein
DTO_03100097,O14578, kinase_protein
DTO_03100101,P27707, kinase_protein
DTO_03100024,Q86TB3, kinase_protein
DTO_03100070,P11802, kinase_protein
DTO_03100089,Q9HAZ1, kinase_protein
DTO_03100033,Q13315, kinase_protein
DTO_03100098,P53355, kinase_protein
DTO_03100071,Q00535, kinase_protein
DTO_03100102,O15075, kinase_protein
DTO_03100049,Q8IWQ3, kinase_protein
DTO_03100034,Q13535, kinase_protein
DTO_03100099,Q9UIK4, kinase_protein
DTO_03100103,Q8N568, kinase_protein
DTO_03100009,P36896, kinase_protein
DTO_03100072,Q00534, kinase_protein
DTO_03100180,P08069, kinase_protein
DTO_03100207,Q8N752, kinase_protein
DTO_03100145,Q14289, kinase_protein
DTO_03100191,O43187, kinase_protein
DTO_03100181,O15111, kinase_protein
DTO_03100208,P48729, kinase_protein
DTO_03100105,Q08345, kinase_protein
DTO_03100192,Q9Y616, kinase_protein
DTO_03100182,O14920, kinase_protein
DTO_03100174,Q9H422, kinase_protein
DTO_03100193,Q9NWZ3, kinase_protein
DTO_03100183,Q14164, kinase_protein
DTO_03100134,P54762, kinase_protein
DTO_03100175,Q8NE63, kinase_protein
DTO_03100194,Q08881, kinase_protein
DTO_03100184,Q13418, kinase_protein
DTO_03100186,P06213, kinase_protein
DTO_03100135,P29323, kinase_protein
DTO_03100176,P57058, kinase_protein
DTO_03100195,Q13572, kinase_protein
DTO_03100120,Q9NZJ5, kinase_protein
DTO_03100185,P14616, kinase_protein
DTO_03100146,Q14296, kinase_protein
DTO_03100187,P23677, kinase_protein
DTO_03100136,P54753, kinase_protein
DTO_03100177,P19367, kinase_protein
DTO_03100196,P23458, kinase_protein
DTO_03100150,P21802, kinase_protein
DTO_03100121,Q9P2K8, kinase_protein
DTO_03100106,Q16832, kinase_protein
DTO_03100147,P16591, kinase_protein
DTO_03100188,P27987, kinase_protein
DTO_03100137,P54760, kinase_protein
DTO_03100178,P35557, kinase_protein
DTO_03100151,P22607, kinase_protein
DTO_03100197,O60674, kinase_protein
DTO_03100107,P23743, kinase_protein
DTO_03100148,P07332, kinase_protein
DTO_03100189,Q8NFU5, kinase_protein
DTO_03100160,P32298, kinase_protein
DTO_03100138,O15197, kinase_protein
DTO_03100179,Q9UPZ9, kinase_protein
DTO_03100111,Q09013, kinase_protein
DTO_03100152,P22455, kinase_protein
DTO_03100108,Q86XP1, kinase_protein
DTO_03100149,P11362, kinase_protein
DTO_03100161,P34947, kinase_protein
DTO_03100139,P04626, kinase_protein
DTO_03100112,Q6XUX3, kinase_protein
DTO_03100200,P00568, kinase_protein
DTO_03100170,Q8TF76, kinase_protein
DTO_03100153,P09769, kinase_protein
DTO_03100109,P52824, kinase_protein
DTO_03100162,P43250, kinase_protein
DTO_03100113,Q13627, kinase_protein
DTO_03100154,P36888, kinase_protein
DTO_03100171,P08631, kinase_protein
DTO_03100122,O00418, kinase_protein
DTO_03100163,Q8WTQ7, kinase_protein
DTO_03100114,Q9Y463, kinase_protein
DTO_03100155,P42685, kinase_protein
DTO_03100172,Q86Z02, kinase_protein
DTO_03100123,P20827, kinase_protein
DTO_03100164,P49840, kinase_protein
DTO_03100115,Q92630, kinase_protein
DTO_03100156,P06241, kinase_protein
DTO_03100173,Q9H2X6, kinase_protein
DTO_03100124,P00533, kinase_protein
DTO_03100165,P49841, kinase_protein
DTO_03100116,O43781, kinase_protein
DTO_03100157,Q9Y2I7, kinase_protein
DTO_03100125,P21709, kinase_protein
DTO_03100166,P25092, kinase_protein
DTO_03100117,Q9NR20, kinase_protein
DTO_03100126,P29317, kinase_protein
DTO_03100167,Q02846, kinase_protein
DTO_03100140,P21860, kinase_protein
DTO_03100130,Q9UF33, kinase_protein
DTO_03100203,O60229, kinase_protein
DTO_03100127,P29320, kinase_protein
DTO_03100168,P51841, kinase_protein
DTO_03100141,Q15303, kinase_protein
DTO_03100131,Q15375, kinase_protein
DTO_03100204,P17612, kinase_protein
DTO_03100128,P54764, kinase_protein
DTO_03100198,P52333, kinase_protein
DTO_03100169,Q96GX5, kinase_protein
DTO_03100142,O75460, kinase_protein
DTO_03100132,P29322, kinase_protein
DTO_03100205,P22694, kinase_protein
DTO_03100158,O14976, kinase_protein
DTO_03100129,P54756, kinase_protein
DTO_03100143,Q76MJ5, kinase_protein
DTO_03100133,Q5JZY3, kinase_protein
DTO_03100118,Q9BQI3, kinase_protein
DTO_03100159,Q14410, kinase_protein
DTO_03100206,P22612, kinase_protein
DTO_03100144,Q05397, kinase_protein
DTO_03100256,Q9UK32, kinase_protein
DTO_03100297,Q9Y4K4, kinase_protein
DTO_03100248,P11801, kinase_protein
DTO_03100209,P48730, kinase_protein
DTO_03100289,O43318, kinase_protein
DTO_03100260,Q8IVT5, kinase_protein
DTO_03100216,Q8IU85, kinase_protein
DTO_03100257,P23443, kinase_protein
DTO_03100298,P20794, kinase_protein
DTO_03100271,Q96Q04, kinase_protein
DTO_03100249,Q96QS6, kinase_protein
DTO_03100220,Q13557, kinase_protein
DTO_03100261,Q6VAB6, kinase_protein
DTO_03100280,Q99558, kinase_protein
DTO_03100217,Q96NX5, kinase_protein
DTO_03100258,Q9UBS0, kinase_protein
DTO_03100299,P49137, kinase_protein
DTO_03100270,Q8IWU2, kinase_protein
DTO_03100231,P10721, kinase_protein
DTO_03100272,Q38SD2, kinase_protein
DTO_03100221,Q13555, kinase_protein
DTO_03100262,P43405, kinase_protein
DTO_03100218,Q9UQM7, kinase_protein
DTO_03100281,Q6ZN16, kinase_protein
DTO_03100259,Q96S38, kinase_protein
DTO_03100232,Q8N5S9, kinase_protein
DTO_03100273,Q5S007, kinase_protein
DTO_03100222,Q16566, kinase_protein
DTO_03100263,P23919, kinase_protein
DTO_03100219,Q13554, kinase_protein
DTO_03100282,Q56UN5, kinase_protein
DTO_03100233,Q96RR4, kinase_protein
DTO_03100274,P29376, kinase_protein
DTO_03100300,Q16644, kinase_protein
DTO_03100223,P06732, kinase_protein
DTO_03100264,O95835, kinase_protein
DTO_03100275,P07948, kinase_protein
DTO_03100301,Q8IW41, kinase_protein
DTO_03100224,Q13976, kinase_protein
DTO_03100265,Q9NRM7, kinase_protein
DTO_03100276,Q02779, kinase_protein
DTO_03100302,Q9P0L2, kinase_protein
DTO_03100225,Q13237, kinase_protein
DTO_03100266,P06239, kinase_protein
DTO_03100236,P17252, kinase_protein
DTO_03100277,Q16584, kinase_protein
DTO_03100303,Q7KZI7, kinase_protein
DTO_03100226,Q16774, kinase_protein
DTO_03100240,O94806, kinase_protein
DTO_03100237,P05771, kinase_protein
DTO_03100278,Q12852, kinase_protein
DTO_03100304,P27448, kinase_protein
DTO_03100241,Q05655, kinase_protein
DTO_03100238,Q15139, kinase_protein
DTO_03100250,P14618, kinase_protein
DTO_03100305,Q96L34, kinase_protein
DTO_03100242,Q02156, kinase_protein
DTO_03100210,P49674, kinase_protein
DTO_03100251,Q15418, kinase_protein
DTO_03100306,Q9Y2H9, kinase_protein
DTO_03100308,O60307, kinase_protein
DTO_03100310,P42679, kinase_protein
DTO_03100267,P53667, kinase_protein
DTO_03100211,Q9HCP0, kinase_protein
DTO_03100307,Q6P0Q8, kinase_protein
DTO_03100252,Q15349, kinase_protein
DTO_03100290,P41279, kinase_protein
DTO_03100227,P50053, kinase_protein
DTO_03100268,P53671, kinase_protein
DTO_03100311,Q14680, kinase_protein
DTO_03100212,P78368, kinase_protein
DTO_03100253,P51812, kinase_protein
DTO_03100279,O43283, kinase_protein
DTO_03100291,P80192, kinase_protein
DTO_03100228,Q03426, kinase_protein
DTO_03100269,Q6ZMQ8, kinase_protein
DTO_03100283,Q13233, kinase_protein
DTO_03100213,Q9Y6M4, kinase_protein
DTO_03100254,O75676, kinase_protein
DTO_03100239,Q9BZL6, kinase_protein
DTO_03100292,Q5TCX8, kinase_protein
DTO_03100243,P05129, kinase_protein
DTO_03100214,Q14012, kinase_protein
DTO_03100284,Q9Y2U5, kinase_protein
DTO_03100293,Q92918, kinase_protein
DTO_03100309,O15021, kinase_protein
DTO_03100244,P41743, kinase_protein
DTO_03100285,Q99759, kinase_protein
DTO_03100294,Q12851, kinase_protein
DTO_03100245,P24723, kinase_protein
DTO_03100286,Q9Y6R4, kinase_protein
DTO_03100312,Q12866, kinase_protein
DTO_03100295,Q8IVH8, kinase_protein
DTO_03100246,Q04759, kinase_protein
DTO_03100287,Q99683, kinase_protein
DTO_03100255,O75582, kinase_protein
DTO_03100296,O95819, kinase_protein
DTO_03100247,Q05513, kinase_protein
DTO_03100288,O95382, kinase_protein
DTO_03100325,O15264, kinase_protein
DTO_03100413,Q9UBF8, kinase_protein
DTO_03100366,Q9UBE8, kinase_protein
DTO_03100315,P28482, kinase_protein
DTO_03100403,P16234, kinase_protein
DTO_03100356,P51955, kinase_protein
DTO_03100370,Q96KG9, kinase_protein
DTO_03100326,Q16539, kinase_protein
DTO_03100414,Q99755, kinase_protein
DTO_03100367,Q9NSY0, kinase_protein
DTO_03100316,P27361, kinase_protein
DTO_03100357,P51956, kinase_protein
DTO_03100404,P09619, kinase_protein
DTO_03100330,Q8NB16, kinase_protein
DTO_03100371,P04629, kinase_protein
DTO_03100327,Q8TD08, kinase_protein
DTO_03100368,Q9UHY1, kinase_protein
DTO_03100415,O14986, kinase_protein
DTO_03100317,P31152, kinase_protein
DTO_03100358,P51957, kinase_protein
DTO_03100380,O75747, kinase_protein
DTO_03100319,Q13164, kinase_protein
DTO_03100399,O15530, kinase_protein
DTO_03100331,Q9NYL2, kinase_protein
DTO_03100372,Q16620, kinase_protein
DTO_03100328,Q9BUB5, kinase_protein
DTO_03100416,O60331, kinase_protein
DTO_03100369,Q7Z2Y5, kinase_protein
DTO_03100318,Q16659, kinase_protein
DTO_03100340,O14733, kinase_protein
DTO_03100381,Q9BTU6, kinase_protein
DTO_03100359,Q6P3R8, kinase_protein
DTO_03100332,Q9UQ07, kinase_protein
DTO_03100390,Q58A45, kinase_protein
DTO_03100373,Q16288, kinase_protein
DTO_03100329,Q9HBH9, kinase_protein
DTO_03100341,Q5VT25, kinase_protein
DTO_03100382,P27986, kinase_protein
DTO_03100333,P00540, kinase_protein
DTO_03100374,O60285, kinase_protein
DTO_03100391,Q8TE04, kinase_protein
DTO_03100342,Q9Y5S2, kinase_protein
DTO_03100383,Q8IZE3, kinase_protein
DTO_03100334,Q02750, kinase_protein
DTO_03100375,Q9H093, kinase_protein
DTO_03100405,P00558, kinase_protein
DTO_03100343,Q6DT37, kinase_protein
DTO_03100384,Q13153, kinase_protein
DTO_03100335,P36507, kinase_protein
DTO_03100408,Q99570, kinase_protein
DTO_03100385,Q13177, kinase_protein
DTO_03100409,P48426, kinase_protein
DTO_03100345,P42345, kinase_protein
DTO_03100386,O75914, kinase_protein
DTO_03100387,O96013, kinase_protein
DTO_03100360,Q9HC98, kinase_protein
DTO_03100376,Q5VST9, kinase_protein
DTO_03100320,P45983, kinase_protein
DTO_03100361,Q8TDX7, kinase_protein
DTO_03100351,Q8NEV4, kinase_protein
DTO_03100336,P46734, kinase_protein
DTO_03100377,O95747, kinase_protein
DTO_03100321,P45984, kinase_protein
DTO_03100362,Q86SG6, kinase_protein
DTO_03100337,P45985, kinase_protein
DTO_03100378,O00443, kinase_protein
DTO_03100322,P53779, kinase_protein
DTO_03100363,Q8TD19, kinase_protein
DTO_03100338,Q13163, kinase_protein
DTO_03100379,O00750, kinase_protein
DTO_03100323,Q15759, kinase_protein
DTO_03100388,Q9NQU5, kinase_protein
DTO_03100339,P52564, kinase_protein
DTO_03100392,Q96RG2, kinase_protein
DTO_03100348,Q32MK0, kinase_protein
DTO_03100389,Q9P286, kinase_protein
DTO_03100352,Q8WXR4, kinase_protein
DTO_03100349,Q86YV6, kinase_protein
DTO_03100410,P78356, kinase_protein
DTO_03100353,Q6ZWH5, kinase_protein
DTO_03100400,Q6A1A2, kinase_protein
DTO_03100394,Q8N165, kinase_protein
DTO_03100364,Q9Y6K9, kinase_protein
DTO_03100411,Q8TBX8, kinase_protein
DTO_03100313,P08581, kinase_protein
DTO_03100401,O00764, kinase_protein
DTO_03100354,Q8NG66, kinase_protein
DTO_03100324,P53778, kinase_protein
DTO_03100412,P42356, kinase_protein
DTO_03100365,Q8IY84, kinase_protein
DTO_03100314,Q8N4C8, kinase_protein
DTO_03100402,Q9H792, kinase_protein
DTO_03100443,Q13308, kinase_protein
DTO_03100484,P12931, kinase_protein
DTO_03100512,Q15750, kinase_protein
DTO_03100469,Q86YV5, kinase_protein
DTO_03100454,Q15835, kinase_protein
DTO_03100495,O94804, kinase_protein
DTO_03100444,Q7Z7A4, kinase_protein
DTO_03100513,P21675, kinase_protein
DTO_03100455,Q05823, kinase_protein
DTO_03100496,Q15831, kinase_protein
DTO_03100456,Q13464, kinase_protein
DTO_03100460,Q01974, kinase_protein
DTO_03100485,Q9H3Y6, kinase_protein
DTO_03100470,Q96LW2, kinase_protein
DTO_03100445,P04049, kinase_protein
DTO_03100486,Q96SB4, kinase_protein
DTO_03100430,P53350, kinase_protein
DTO_03100514,Q7L7X3, kinase_protein
DTO_03100471,O00141, kinase_protein
DTO_03100497,O75716, kinase_protein
DTO_03100446,P07949, kinase_protein
DTO_03100487,P78362, kinase_protein
DTO_03100515,Q9UL54, kinase_protein
DTO_03100431,Q9NYY3, kinase_protein
DTO_03100472,Q9HBY8, kinase_protein
DTO_03100457,O75116, kinase_protein
DTO_03100418,Q9P1W9, kinase_protein
DTO_03100500,Q9BXU1, kinase_protein
DTO_03100498,Q9Y6E0, kinase_protein
DTO_03100488,Q9UPE1, kinase_protein
DTO_03100516,Q9H2K8, kinase_protein
DTO_03100461,P08922, kinase_protein
DTO_03100518,Q9UHD2, kinase_protein
DTO_03100432,Q9H4B4, kinase_protein
DTO_03100417,P11309, kinase_protein
DTO_03100419,Q86V86, kinase_protein
DTO_03100501,Q9BYT3, kinase_protein
DTO_03100458,Q04912, kinase_protein
DTO_03100499,O00506, kinase_protein
DTO_03100448,Q9BVS4, kinase_protein
DTO_03100489,Q9UEE5, kinase_protein
DTO_03100421,Q8NEB9, kinase_protein
DTO_03100519,P42680, kinase_protein
DTO_03100462,Q9Y6S9, kinase_protein
DTO_03100459,Q01973, kinase_protein
DTO_03100463,P34925, kinase_protein
DTO_03100464,Q52WX2, kinase_protein
DTO_03100473,Q96BR1, kinase_protein
DTO_03100465,P0C263, kinase_protein
DTO_03100433,O00444, kinase_protein
DTO_03100474,Q8NE28, kinase_protein
DTO_03100502,Q8TDR2, kinase_protein
DTO_03100466,P0C264, kinase_protein
DTO_03100434,Q496M5, kinase_protein
DTO_03100475,P57059, kinase_protein
DTO_03100503,Q9NRP7, kinase_protein
DTO_03100467,Q6P3W7, kinase_protein
DTO_03100435,Q99640, kinase_protein
DTO_03100476,Q9H0K1, kinase_protein
DTO_03100504,Q15208, kinase_protein
DTO_03100427,Q16512, kinase_protein
DTO_03100468,Q9H5K3, kinase_protein
DTO_03100506,Q13188, kinase_protein
DTO_03100490,O94768, kinase_protein
DTO_03100429,Q6P5Z2, kinase_protein
DTO_03100480,Q9NRH2, kinase_protein
DTO_03100436,P78527, kinase_protein
DTO_03100477,Q9Y2K2, kinase_protein
DTO_03100505,Q9UEW8, kinase_protein
DTO_03100428,Q16513, kinase_protein
DTO_03100450,Q13546, kinase_protein
DTO_03100507,Q8N2I9, kinase_protein
DTO_03100491,Q8WU08, kinase_protein
DTO_03100440,Q13523, kinase_protein
DTO_03100481,Q15772, kinase_protein
DTO_03100437,O75569, kinase_protein
DTO_03100478,Q9H2G2, kinase_protein
DTO_03100508,Q13043, kinase_protein
DTO_03100451,O43353, kinase_protein
DTO_03100492,Q9NY57, kinase_protein
DTO_03100441,Q96S44, kinase_protein
DTO_03100482,Q9NYA1, kinase_protein
DTO_03100438,P51817, kinase_protein
DTO_03100479,Q96Q15, kinase_protein
DTO_03100510,Q9C0K7, kinase_protein
DTO_03100452,Q9Y572, kinase_protein
DTO_03100509,Q7RTN6, kinase_protein
DTO_03100493,Q86UX6, kinase_protein
DTO_03100442,Q13882, kinase_protein
DTO_03100483,Q9NRA0, kinase_protein
DTO_03100439,O43930, kinase_protein
DTO_03100511,Q6J9G0, kinase_protein
DTO_03100453,P57078, kinase_protein
DTO_03100494,Q9Y2H1, kinase_protein
DTO_03100561,P35916, kinase_protein
DTO_03100553,P30530, kinase_protein
DTO_03100521,Q96S53, kinase_protein
DTO_03100562,Q99986, kinase_protein
DTO_03100539,Q9BX84, kinase_protein
DTO_03100522,Q8IWB6, kinase_protein
DTO_03100563,Q86Y07, kinase_protein
DTO_03100538,O75962, kinase_protein
DTO_03100523,P36897, kinase_protein
DTO_03100564,Q8IV63, kinase_protein
DTO_03100524,P37173, kinase_protein
DTO_03100565,P30291, kinase_protein
DTO_03100554,Q8TAS1, kinase_protein
DTO_03100525,P35590, kinase_protein
DTO_03100555,O75385, kinase_protein
DTO_03100540,Q9BXA7, kinase_protein
DTO_03100556,Q8IYT8, kinase_protein
DTO_03100541,Q96PF2, kinase_protein
DTO_03100557,Q6PHR2, kinase_protein
DTO_03100566,P0C1S8, kinase_protein
DTO_03100558,Q96C45, kinase_protein
DTO_03100570,Q96J92, kinase_protein
DTO_03100526,Q02763, kinase_protein
DTO_03100567,Q9H4A3, kinase_protein
DTO_03100528,Q9UKI8, kinase_protein
DTO_03100559,P17948, kinase_protein
DTO_03100530,Q59H18, kinase_protein
DTO_03100571,P07947, kinase_protein
DTO_03100527,Q8WZ42, kinase_protein
DTO_03100529,Q86UE8, kinase_protein
DTO_03100568,Q9Y3S1, kinase_protein
DTO_03100531,Q9UKE5, kinase_protein
DTO_03100572,P43403, kinase_protein
DTO_03100569,Q9BYP7, kinase_protein
DTO_03100542,Q96PN8, kinase_protein
DTO_03100532,Q13470, kinase_protein
DTO_03100543,Q6SA08, kinase_protein
DTO_03100533,Q96KB5, kinase_protein
DTO_03100544,Q9BXA6, kinase_protein
DTO_03100534,Q9H3S4, kinase_protein
DTO_03100545,Q5TCY1, kinase_protein
DTO_03100535,Q96RU8, kinase_protein
DTO_03100546,Q6IQ55, kinase_protein
DTO_03100536,Q92519, kinase_protein
DTO_03100550,Q06418, kinase_protein
DTO_03100547,P33981, kinase_protein
DTO_03100537,Q96RU7, kinase_protein
DTO_03100551,Q9HA47, kinase_protein
DTO_03100548,P42681, kinase_protein
DTO_03100560,P35968, kinase_protein
DTO_03100552,Q9BZX2, kinase_protein
DTO_03100549,P29597, kinase_protein
DTO_01100048,Q02641, ic_protein
DTO_01100117,P78334, ic_protein
DTO_01100180,Q09470, ic_protein
DTO_03100520,Q15569, kinase_protein
DTO_03100355,Q96PY6, kinase_protein
DTO_03100190,P51617, kinase_protein
DTO_03100215,Q6P2M8, kinase_protein
DTO_03100344,Q9P289, kinase_protein
DTO_01100139,P39086, ic_protein
DTO_01100138,O43424, ic_protein
DTO_01100137,Q9ULK0, ic_protein
DTO_01100140,Q13002, ic_protein
DTO_03100003,P54619, kinase_protein
DTO_03100425,P48736, kinase_protein
DTO_03100424,O00329, kinase_protein
DTO_03100423,P42338, kinase_protein
DTO_03100422,P42336, kinase_protein
DTO_03100420,Q9BXM7, kinase_protein
DTO_03100407,P15735, kinase_protein
DTO_03100406,Q16816, kinase_protein
DTO_03100398,Q16654, kinase_protein
DTO_03100397,Q15120, kinase_protein
DTO_03100396,Q15119, kinase_protein
DTO_01100165,Q14643, ic_protein
DTO_01100143,Q16478, ic_protein
DTO_03100395,Q15118, kinase_protein
DTO_03100393,Q16822, kinase_protein
DTO_03100350,Q15746, kinase_protein
DTO_03100347,Q9H1R3, kinase_protein
DTO_03100346,O15146, kinase_protein
DTO_03100235,P46019, kinase_protein
DTO_03100234,P46020, kinase_protein
DTO_03100230,O00142, kinase_protein
DTO_03100229,P04183, kinase_protein
DTO_03100202,Q9UIJ7, kinase_protein
DTO_03100201,P54819, kinase_protein
DTO_03100199,P17858, kinase_protein
DTO_03100119,P19525, kinase_protein
DTO_03100110,Q16854, kinase_protein
DTO_03100040,O14874, kinase_protein
DTO_03100015,Q8NI60, kinase_protein
DTO_02100088,Q9HBW9, gpcr_protein
DTO_01100261,Q05586, ic_protein
DTO_01100260,O15399, ic_protein
DTO_01100259,Q14957, ic_protein
DTO_01100258,Q13224, ic_protein
DTO_01100257,Q12879, ic_protein
DTO_01100256,O60391, ic_protein
DTO_01100255,Q8TCU5, ic_protein
DTO_01100252,Q8NE86, ic_protein
DTO_01100167,Q14573, ic_protein
DTO_01100166,Q14571, ic_protein
DTO_03100005,P54646, kinase_protein
DTO_01100031,Q8NFU1, ic_protein
DTO_02100189,O00270, gpcr_protein
DTO_03100426,Q504Y2, kinase_protein
DTO_03390995,P30613, kinase_protein
DTO_03390996,Q9H999, kinase_protein
DTO_03390997,Q9BZ23, kinase_protein
DTO_03390998,P16118, kinase_protein
DTO_03390999,O60825, kinase_protein
DTO_03391000,Q16875,kinase_protein
DTO_03390993,Q8TEA7,kinase_protein
